{"cameraMode":{"drawMode":0,"name":"Shaded","section":"Shading Mode"},"sceneLighting":true,"audioPlay":false,"sceneViewState":{"m_AlwaysRefresh":false,"showFog":true,"showSkybox":true,"showFlares":true,"showImageEffects":true,"showParticleSystems":true,"showVisualEffectGraphs":true,"m_FxEnabled":true},"in2DMode":false,"pivot":{"x":3.6711742877960207,"y":9.769015312194825,"z":-15.96845817565918},"rotation":{"x":0.07045359909534455,"y":-0.0014751274138689042,"z":0.000469736463855952,"w":0.9976730942726135},"size":10.588395118713379,"orthographic":false}