{"cameraMode":{"drawMode":0,"name":"Shaded","section":"Shading Mode"},"sceneLighting":false,"audioPlay":false,"sceneViewState":{"m_AlwaysRefresh":false,"showFog":true,"showSkybox":false,"showFlares":true,"showImageEffects":true,"showParticleSystems":true,"showVisualEffectGraphs":true,"m_FxEnabled":true},"in2DMode":false,"pivot":{"x":-5.815174579620361,"y":4.298109531402588,"z":0.02600502222776413},"rotation":{"x":0.12564441561698914,"y":0.01934407278895378,"z":-0.0024528263602405788,"w":0.9918935894966126},"size":0.8411375284194946,"orthographic":false}