{"cameraMode":{"drawMode":0,"name":"Shaded","section":"Shading Mode"},"sceneLighting":false,"audioPlay":false,"sceneViewState":{"m_AlwaysRefresh":false,"showFog":true,"showSkybox":false,"showFlares":true,"showImageEffects":true,"showParticleSystems":true,"showVisualEffectGraphs":true,"m_FxEnabled":true},"in2DMode":false,"pivot":{"x":6.437368392944336,"y":7.3451762199401859,"z":-12.393810272216797},"rotation":{"x":0.12564441561698914,"y":0.01934407278895378,"z":-0.0024528263602405788,"w":0.9918935894966126},"size":14.974381446838379,"orthographic":false}