{"cameraMode":{"drawMode":0,"name":"Shaded","section":"Shading Mode"},"sceneLighting":false,"audioPlay":false,"sceneViewState":{"m_AlwaysRefresh":false,"showFog":true,"showSkybox":false,"showFlares":true,"showImageEffects":true,"showParticleSystems":true,"showVisualEffectGraphs":true,"m_FxEnabled":true},"in2DMode":false,"pivot":{"x":-0.904719352722168,"y":-0.21486854553222657,"z":-0.7052488327026367},"rotation":{"x":0.13012611865997315,"y":-0.008923509158194065,"z":0.0011691510444507003,"w":0.9914659261703491},"size":7.583445072174072,"orthographic":false}