{"cameraMode":{"drawMode":0,"name":"Shaded","section":"Shading Mode"},"sceneLighting":false,"audioPlay":false,"sceneViewState":{"m_AlwaysRefresh":false,"showFog":true,"showSkybox":false,"showFlares":true,"showImageEffects":true,"showParticleSystems":true,"showVisualEffectGraphs":true,"m_FxEnabled":true},"in2DMode":false,"pivot":{"x":1.0269378423690797,"y":-1.6181159019470215,"z":-0.15764808654785157},"rotation":{"x":0.1416517198085785,"y":0.07120921462774277,"z":-0.010218612849712372,"w":0.9873088598251343},"size":6.432048320770264,"orthographic":false}